{
  "root": "/home/user",
  "one_run_dir": "/home/user/outputs/one_run",
  "n_samples_instantaneous": 4950,
  "dt_sample_from_instantaneous": 0.009999999999999787,
  "final_results_parsed": {
    "num_particles": 500.0,
    "num_cells": 5.0,
    "box_length": 10.0,
    "volume": 1000.0,
    "density": 0.5,
    "time_step": 0.0001,
    "output_interval": 100.0,
    "total_steps": 500000.0,
    "warmup_steps": 5000.0,
    "<Epot>": -1664.883154391,
    "<Epot>_std": 19.57998239094,
    "<Ekin>": 1110.041923259,
    "<Ekin>_std": 19.57197913337,
    "<Etot>": -554.841231132,
    "<Etot>_std": 0.03132723227618,
    "<T>": 1.480055897679,
    "<T>_std": 0.0260959721778,
    "<P>": 0.3956911743961,
    "<P>_std": 0.1128725805621,
    "Temperature": 1.483021941562,
    "Pressure": 0.3956911743961,
    "Gamma": 1.416976209765
  },
  "acf_tau_estimates": {
    "ekin": {
      "tau_int": 0.5419005967912695,
      "tau_1e": 0.04387861883956868
    },
    "epot": {
      "tau_int": 0.5439255264567746,
      "tau_1e": 0.04391875428143764
    },
    "etot": {
      "tau_int": 1.959517569366762,
      "tau_1e": 0.970629333718822
    },
    "press": {
      "tau_int": 0.1246930285048586,
      "tau_1e": 0.057652274991165646
    },
    "temp": {
      "tau_int": 0.5419005967912585,
      "tau_1e": 0.04387861883956868
    }
  },
  "rva_stats": {
    "dt_sample_rva": 0.01,
    "max_lag_used": 3000,
    "origin_stride_used": 1,
    "msd_fit_frac_used": 0.5,
    "vacf_tmax_frac_used": 1.0,
    "D_from_MSD_tau_fit": 0.3040445820991842,
    "D_from_VACF_tau_int": 0.3250258235850478
  },
  "files_used": {
    "instantaneous_energies": "/home/user/outputs/one_run/instantaneous_energies.dat",
    "corr_files_present": [
      "/home/user/outputs/one_run/corr_ekin.dat",
      "/home/user/outputs/one_run/corr_epot.dat",
      "/home/user/outputs/one_run/corr_etot.dat",
      "/home/user/outputs/one_run/corr_press.dat",
      "/home/user/outputs/one_run/corr_temp.dat"
    ],
    "corrmean_files_present": [
      "/home/user/outputs/one_run/corrmean_ekin.dat",
      "/home/user/outputs/one_run/corrmean_epot.dat",
      "/home/user/outputs/one_run/corrmean_etot.dat",
      "/home/user/outputs/one_run/corrmean_press.dat",
      "/home/user/outputs/one_run/corrmean_temp.dat"
    ],
    "md_final_results": "/home/user/outputs/one_run/md_final_results.txt",
    "rva": "/home/user/outputs/one_run/rva.dat"
  },
  "plots_dir": "/home/user/outputs/one_run/analysis",
  "cli_diffusion_params": {
    "msd_fit_frac": 0.5,
    "vacf_tmax_frac": 1.0,
    "rva_max_lag": null,
    "origin_stride": null
  }
}